test_season,train_start,train_end,cal_season,scale_s,blend_w,eligible_matches,logloss_blend,logloss_market_raw,brier_blend,brier_market_raw,bets,roi,bankroll_end
2016-2017,2010-2011,2014-2015,2015-2016,1.0761017936687436,5.9608609865491405e-06,272,0.6766564864915856,0.676656501029092,0.24180685915419103,0.24180686239320995,0,0.0,1000.0
2017-2018,2011-2012,2015-2016,2016-2017,1.1366035151315395,0.008241867141454667,306,0.6714959582425816,0.6715398887384609,0.2396534133633215,0.2396770173043462,0,0.0,1000.0
2018-2019,2012-2013,2016-2017,2017-2018,1.0081437650819904,0.022241949594121343,272,0.6871352119428562,0.6872220310615712,0.2463546844919767,0.2463649371658363,0,0.0,1000.0
2019-2020,2013-2014,2017-2018,2018-2019,1.0516270750483072,0.0039576617485443276,306,0.6585909945195529,0.6586870237404897,0.23336975226980125,0.23341712636014408,0,0.0,1000.0
2020-2021,2014-2015,2018-2019,2019-2020,1.0288640096186585,0.026656220871146757,306,0.7032165640341038,0.7033000650161593,0.25439899989866993,0.2544202158717033,0,0.0,1000.0
2021-2022,2015-2016,2019-2020,2020-2021,1.0159800173682119,0.02087489662196836,306,0.6888464362720934,0.6893416055268522,0.24765888682094964,0.24788930040505186,0,0.0,1000.0
2022-2023,2016-2017,2020-2021,2021-2022,1.0464749551759909,0.031048464086439218,306,0.6661072240424942,0.6656117875966737,0.23705792644255896,0.23682214903624874,0,0.0,1000.0
2023-2024,2017-2018,2021-2022,2022-2023,1.0152245749653126,5.9608609865491405e-06,306,0.6430096664985746,0.6430096608147328,0.2255802494437172,0.22558023800234223,0,0.0,1000.0
2024-2025,2018-2019,2022-2023,2023-2024,1.2985680111723013,5.9608609865491405e-06,342,0.683541720088564,0.6835416511524572,0.24511588292081266,0.24511585208523054,0,0.0,1000.0
